,use_multi_rate,mean_loss,beta,lr
0,False,,1.0,0.01
0,False,,1.0,0.003
0,False,,1.0,0.001
0,False,0.09629179732205999,1.0,0.0003
0,False,0.0962925163816802,1.0,0.0001
0,False,0.09629878961335758,1.0,3e-05
0,False,0.09631907487217384,1.0,1e-05
