,use_multi_rate,mean_loss,beta,lr
0,False,0.17080207829233965,1.0,0.01
0,False,0.09684114626565564,1.0,0.003
0,False,0.09651869673769183,1.0,0.001
0,False,0.09628777416572289,1.0,0.0003
0,False,0.09628930382964984,1.0,0.0001
0,False,0.09629750248626313,1.0,3e-05
0,False,0.09632866600143257,1.0,1e-05
