,use_multi_rate,mean_loss,beta,lr
0,True,0.09655196515190952,1.0,0.01
0,True,0.0964071947122425,1.0,0.003
0,True,0.09629013961503274,1.0,0.001
0,True,0.09629547250170245,1.0,0.0003
0,True,0.09631088187422933,1.0,0.0001
0,True,0.147566811350579,1.0,3e-05
0,True,0.14773658615878868,1.0,1e-05
