,use_multi_rate,mean_loss,beta,lr
0,True,0.3207480929791927,1.0,0.01
0,True,0.3207515622178714,1.0,0.003
0,True,0.32078132430712386,1.0,0.001
0,True,0.32132113526264827,1.0,0.0003
0,True,0.34302079255382223,1.0,0.0001
0,True,0.41992960472901664,1.0,3e-05
0,True,0.462544925759236,1.0,1e-05
