,use_multi_rate,mean_loss,beta,lr
0,True,0.3211629790564378,1.0,0.01
0,True,0.32074978252251946,1.0,0.003
0,True,0.3207635370393594,1.0,0.001
0,True,0.3212943191329638,1.0,0.0003
0,True,0.343960944066445,1.0,0.0001
0,True,0.41990071460604667,1.0,3e-05
0,True,0.462355151027441,1.0,1e-05
