,use_multi_rate,mean_loss,beta,lr
0,True,2.581693469220576,1.0,0.01
0,True,2.581693469220576,1.0,0.003
0,True,2.581693469220576,1.0,0.001
0,True,2.581693469220576,1.0,0.0003
0,True,2.581693469220576,1.0,0.0001
0,True,2.581693469220576,1.0,3e-05
0,True,2.581693469220576,1.0,1e-05
