,use_multi_rate,mean_loss,beta,lr
0,False,0.09629152781223949,1.0,0.01
0,False,0.09629106763671723,1.0,0.003
0,False,0.0962915244170382,1.0,0.001
0,False,0.09671720680053726,1.0,0.0003
0,False,0.09629391570760228,1.0,0.0001
0,False,0.09629843343159317,1.0,3e-05
0,False,0.10004609578017948,1.0,1e-05
