,use_multi_rate,mean_loss,beta,lr
0,True,0.3995451306303342,1.0,0.01
0,True,0.14752745159944905,1.0,0.003
0,True,0.14752648387277176,1.0,0.001
0,True,0.14752750416219487,1.0,0.0003
0,True,0.14752950626209316,1.0,0.0001
0,True,0.19876755764590034,1.0,3e-05
0,True,0.19878439504637493,1.0,1e-05
