,use_multi_rate,mean_loss,beta,lr
0,False,,1.0,0.01
0,False,,1.0,0.003
0,False,,1.0,0.001
0,False,0.9850712544304409,1.0,0.0003
0,False,0.9850798078227143,1.0,0.0001
0,False,0.9851992796744978,1.0,3e-05
0,False,0.9853944537005846,1.0,1e-05
