,use_multi_rate,mean_loss,beta,lr
0,False,0.10950839589687361,1.0,0.01
0,False,0.10426884538669517,1.0,0.003
0,False,0.10425299184693808,1.0,0.001
0,False,0.10416831000559572,1.0,0.0003
0,False,0.104175948092471,1.0,0.0001
0,False,0.10421241630894551,1.0,3e-05
0,False,0.10435015897172084,1.0,1e-05
