,use_multi_rate,mean_loss,beta,lr
0,True,0.15288812861494397,1.0,0.01
0,True,0.10457909155798994,1.0,0.003
0,True,0.10422888938067616,1.0,0.001
0,True,0.10417922337849934,1.0,0.0003
0,True,0.1528019468313542,1.0,0.0001
0,True,0.15288960318202557,1.0,3e-05
0,True,0.15321185666581857,1.0,1e-05
