,use_multi_rate,mean_loss,beta,lr
0,True,,1.0,0.01
0,True,,1.0,0.003
0,True,,1.0,0.001
0,True,1.0137400941506718,1.0,0.0003
0,True,1.0696013715699755,1.0,0.0001
0,True,1.0699574245682246,1.0,3e-05
0,True,1.0705689159123706,1.0,1e-05
