,use_multi_rate,mean_loss,beta,lr
0,True,1.1590350240091734,1.0,0.01
0,True,1.1004933956303173,1.0,0.003
0,True,1.041839101143527,1.0,0.001
0,True,1.1264108444567975,1.0,0.0003
0,True,1.1265286712706843,1.0,0.0001
0,True,1.1268172397392207,1.0,3e-05
0,True,1.1272789692576926,1.0,1e-05
